user_id,postid,time_stamp
5eece14ffc13ae660900008b,136781766,1/1/2019 13:30
5eece14efc13ae660900003c,43094523,1/1/2019 13:33
5eece14efc13ae6609000025,42428071,1/1/2019 13:43
5eece14ffc13ae66090001d4,76472880,1/1/2019 13:54
5eece14ffc13ae66090000ac,202721843,1/1/2019 14:00
5eece14ffc13ae66090001bd,104702447,1/1/2019 14:04
5eece14ffc13ae660900012c,387648862,1/1/2019 14:11
5eece14ffc13ae660900014f,957888426,1/1/2019 14:18
5eece14ffc13ae66090000cd,217310220,1/1/2019 14:51
5eece14ffc13ae66090000f0,200203914,1/1/2019 14:52
5eece14ffc13ae660900018c,618411064,1/1/2019 14:52
5eece14ffc13ae66090000f1,287189969,1/1/2019 14:56
5eece14efc13ae6609000006,194876200,1/1/2019 15:05
5eece14ffc13ae660900019c,108153175,1/1/2019 15:18
5eece14efc13ae660900002a,62228713,1/1/2019 16:01
5eece14ffc13ae6609000184,443248335,1/1/2019 16:01
5eece14ffc13ae660900010a,484235148,1/1/2019 16:04
5eece14ffc13ae66090000e0,288032308,1/1/2019 16:04
5eece14ffc13ae66090000fc,502524075,1/1/2019 16:11
5eece14efc13ae6609000071,153995936,1/1/2019 16:13
5eece14ffc13ae66090000d2,342423227,1/1/2019 16:19
5eece14ffc13ae6609000107,431241848,1/1/2019 16:28
5eece14ffc13ae66090001c8,807801064,1/1/2019 16:35
5eece14ffc13ae6609000142,650177230,1/1/2019 16:36
5eece14ffc13ae6609000089,607204681,1/1/2019 16:57
5eece14efc13ae6609000069,272416192,1/1/2019 17:06
5eece14efc13ae6609000052,653523018,1/1/2019 17:07
5eece14ffc13ae66090000b5,662340373,1/1/2019 18:01
5eece14ffc13ae66090001e3,356042511,1/1/2019 18:12
5eece14ffc13ae66090001e8,385194781,1/1/2019 18:12
5eece14efc13ae660900001f,293468411,1/1/2019 18:24
5eece14ffc13ae66090000c6,516896049,1/1/2019 18:24
5eece14efc13ae6609000017,660867347,1/1/2019 18:28
5eece14ffc13ae660900016d,759320001,1/1/2019 18:37
5eece14ffc13ae66090000d2,734694475,1/1/2019 18:47
5eece14ffc13ae660900008e,99629945,1/1/2019 18:48
5eece14ffc13ae66090000ef,285046033,1/1/2019 18:52
5eece14ffc13ae6609000156,734559584,1/1/2019 18:54
5eece14ffc13ae6609000188,440926148,1/1/2019 19:14
5eece14ffc13ae660900018a,10109921,1/1/2019 19:34
5eece14ffc13ae66090001a6,77554352,1/1/2019 19:55
5eece14efc13ae660900002e,153019620,1/1/2019 20:02
5eece14ffc13ae6609000120,164168426,1/1/2019 20:36
5eece14ffc13ae66090001e1,551282290,1/1/2019 20:53
5eece14ffc13ae66090000a8,725007857,1/1/2019 21:10
5eece14ffc13ae6609000093,573392050,1/1/2019 21:23
5eece14ffc13ae660900015f,677668504,1/1/2019 21:33
5eece14ffc13ae6609000102,960942491,1/1/2019 21:34
5eece14efc13ae6609000024,140572936,1/1/2019 21:41
5eece14ffc13ae66090000d0,993925044,1/1/2019 21:53
5eece14ffc13ae66090001c8,494349805,1/1/2019 21:55
5eece14ffc13ae660900007b,209992329,1/1/2019 21:59
5eece14ffc13ae660900015c,369096303,1/1/2019 22:09
5eece14ffc13ae66090000d3,308094151,1/1/2019 22:11
5eece14efc13ae660900001c,939169166,1/1/2019 22:22
5eece14ffc13ae66090000ec,312482335,1/1/2019 22:23
5eece14ffc13ae66090000e4,93339634,1/1/2019 22:28
5eece14ffc13ae66090001e1,871025474,1/1/2019 22:32
5eece14ffc13ae6609000106,828978824,1/1/2019 22:48
5eece14ffc13ae66090001cf,898352152,1/1/2019 23:01
5eece14ffc13ae66090001a3,64567909,1/1/2019 23:08
5eece14ffc13ae660900018a,110988311,1/1/2019 23:18
5eece14efc13ae660900000f,808645616,1/1/2019 23:23
